T,T_plus,delta,incumbents,method,n_inc,kendall,spearman,max_rank_move,frac_move_gt5,max_abs_dtheta_anch,mean_abs_dtheta_anch,p95_abs_dtheta_anch,max_abs_dtheta_med,mean_abs_dtheta_med,p95_abs_dtheta_med
2023-07-31,2023-08-31,1,votes>=1000,bt,24,0.9710144927536233,0.994782608695652,2.0,0.0,0.1308009852072325,0.09129911609282874,0.1253117161993858,0.04116587881503447,0.007639110251362015,0.038048121809212486
2023-07-31,2023-08-31,1,votes>=1000,lattice_u0.1,24,0.9710144927536233,0.994782608695652,2.0,0.0,0.12358642313337143,0.0857452712912823,0.11777491795083976,0.03977551216500186,0.007286836099891861,0.03609995583520609
2023-07-31,2023-08-31,1,votes>=1000,lattice_u0.5855,24,0.9782608695652174,0.9965217391304346,2.0,0.0,0.13312931779948445,0.09373692198767779,0.12599288430077904,0.0411577634508844,0.007685071183891959,0.03610788953784347
2023-07-31,2023-08-31,1,votes>=1000,lattice_u0.8,24,0.9710144927536233,0.994782608695652,2.0,0.0,0.12417265748253115,0.08767250917413062,0.1193944795583615,0.03816950026138832,0.007417624677170601,0.03552475135718379
2023-07-31,2023-08-31,1,all,bt,27,0.9772079772079774,0.9963369963369964,2.0,0.0,0.13807500766358904,0.08637872720549002,0.13072896596393177,0.08960413684153179,0.01511281295855768,0.07518386857596313
2023-07-31,2023-08-31,1,all,lattice_u0.1,27,0.9772079772079774,0.9963369963369964,2.0,0.0,0.130633052984642,0.08106736319550195,0.12331347017430432,0.08409185801141317,0.014429962125683697,0.0727069621787036
2023-07-31,2023-08-31,1,all,lattice_u0.5855,27,0.982905982905983,0.9975579975579975,2.0,0.0,0.14356365557660422,0.08871096531346387,0.13243751275899548,0.09175055140536692,0.015474430933804607,0.07840692110727036
2023-07-31,2023-08-31,1,all,lattice_u0.8,27,0.9772079772079774,0.9963369963369964,2.0,0.0,0.13829252211325938,0.08336324534301488,0.12416178450002513,0.08598172540220261,0.014589716955501812,0.07001802941655363
2023-07-31,2023-10-31,3,votes>=1000,bt,24,0.9565217391304348,0.9930434782608695,2.0,0.0,0.3732338004239265,0.18425936971403503,0.28176589488282333,0.19495756040693657,0.025094136206435105,0.13045093781288278
2023-07-31,2023-10-31,3,votes>=1000,lattice_u0.1,24,0.9565217391304348,0.9930434782608695,2.0,0.0,0.35807698689048617,0.1753776628570449,0.27023683512555524,0.18999330872425524,0.023621180030204386,0.12073645829028168
2023-07-31,2023-10-31,3,votes>=1000,lattice_u0.5855,24,0.9565217391304348,0.9930434782608695,2.0,0.0,0.3696776736587175,0.18086663184669316,0.275225243634854,0.19579666834862663,0.02398332353274779,0.11819718486645597
2023-07-31,2023-10-31,3,votes>=1000,lattice_u0.8,24,0.9565217391304348,0.9930434782608695,2.0,0.0,0.34849549254259815,0.17300618532103473,0.26378408377193163,0.18041731725932963,0.023925941148179457,0.1280357394193215
2023-07-31,2023-10-31,3,all,bt,27,0.9430199430199432,0.9902319902319903,3.0,0.0,0.3732338004239265,0.1772242444514018,0.3330061856221751,0.19522523453846474,0.042336946736700416,0.1875834831659301
2023-07-31,2023-10-31,3,all,lattice_u0.1,27,0.9487179487179488,0.9908424908424908,3.0,0.0,0.35807698689048617,0.16892735678458323,0.3190154045723513,0.19015443060742,0.04025205931935712,0.1803542457507959
2023-07-31,2023-10-31,3,all,lattice_u0.5855,27,0.9430199430199432,0.9902319902319903,3.0,0.0,0.3696776736587175,0.17424552060575837,0.3303140740701657,0.19611150386661635,0.04122206765232922,0.1848411611522898
2023-07-31,2023-10-31,3,all,lattice_u0.8,27,0.9430199430199432,0.9902319902319903,3.0,0.0,0.34849549254259815,0.1664073512483396,0.3125698993803115,0.1808992523196786,0.04010998353091068,0.1767880720686404
2023-08-31,2023-09-30,1,votes>=1000,bt,28,0.9894179894179893,0.9983579638752054,2.0,0.0,0.17192955888654549,0.05788233945568683,0.10909388028449335,0.11619623294737014,0.019560631518015032,0.08589484722367821
2023-08-31,2023-09-30,1,votes>=1000,lattice_u0.1,28,0.9894179894179893,0.9983579638752054,2.0,0.0,0.1671478911347084,0.055268409301302314,0.10477087294847792,0.11459444777661709,0.018889786153066728,0.08319474309092603
2023-08-31,2023-09-30,1,votes>=1000,lattice_u0.5855,28,0.9841269841269842,0.9978106185002736,2.0,0.0,0.16821756993771597,0.052953019996117345,0.10572045961379173,0.1194504529367017,0.01902621642039241,0.08237351024007786
2023-08-31,2023-09-30,1,votes>=1000,lattice_u0.8,28,0.9894179894179893,0.9983579638752054,2.0,0.0,0.1593321667018004,0.052981482934846405,0.0977507037947829,0.10929137545391426,0.01869987744630269,0.08560734617066679
2023-08-31,2023-09-30,1,all,bt,30,0.9724137931034483,0.9955506117908787,3.0,0.0,0.17192955888654549,0.05535066598272001,0.10750944802921619,0.11632577502377794,0.023299285226562567,0.09489651433044727
2023-08-31,2023-09-30,1,all,lattice_u0.1,30,0.9724137931034483,0.9955506117908787,3.0,0.0,0.1671478911347084,0.05311696931593175,0.10326976589084678,0.11473822252377286,0.022658759897274436,0.09485637361571844
2023-08-31,2023-09-30,1,all,lattice_u0.5855,30,0.967816091954023,0.9951056729699665,3.0,0.0,0.16821756993771597,0.051420156910812226,0.10374313654884736,0.11961222615610412,0.02300347220363865,0.0969457351960195
2023-08-31,2023-09-30,1,all,lattice_u0.8,30,0.9724137931034483,0.9955506117908787,3.0,0.0,0.1593321667018004,0.050543557515494476,0.09662115877873605,0.10973012092779605,0.021882292005948652,0.08722952933901425
2023-08-31,2023-11-30,3,votes>=1000,bt,28,0.9629629629629629,0.9950738916256158,2.0,0.0,0.29427525944645927,0.10621730515280171,0.25000631853181743,0.191906864436435,0.03664271410774099,0.1643037805253216
2023-08-31,2023-11-30,3,votes>=1000,lattice_u0.1,28,0.9629629629629629,0.9950738916256158,2.0,0.0,0.28704927445695316,0.1031453104742505,0.2430058446720242,0.18854104859294296,0.03501288571867919,0.16032078734639688
2023-08-31,2023-11-30,3,votes>=1000,lattice_u0.5855,28,0.9576719576719577,0.9928845101258894,3.0,0.0,0.2859884054058275,0.09959792822626048,0.2407960843839938,0.19198986722994005,0.03473362556398254,0.16097707436142655
2023-08-31,2023-11-30,3,votes>=1000,lattice_u0.8,28,0.9682539682539683,0.9956212370005473,2.0,0.0,0.27510146455362616,0.09930099090375286,0.2302134449285738,0.18015326659152114,0.03498654808708557,0.15293422339947196
2023-08-31,2023-11-30,3,all,bt,30,0.9448275862068967,0.9919911012235817,3.0,0.0,0.29427525944645927,0.10215725479947639,0.2406835049176502,0.19234214818027462,0.038232116883946045,0.1597861687151179
2023-08-31,2023-11-30,3,all,lattice_u0.1,30,0.9448275862068967,0.9919911012235817,3.0,0.0,0.28704927445695316,0.09932355052861845,0.23402402034206388,0.18869915107914703,0.036760532223813994,0.1558756785617378
2023-08-31,2023-11-30,3,all,lattice_u0.5855,30,0.9402298850574713,0.9897664071190211,3.0,0.0,0.2859884054058275,0.09609917132471384,0.23160387299180304,0.19224078263269562,0.036858422952061404,0.15586124826760286
2023-08-31,2023-11-30,3,all,lattice_u0.8,30,0.9494252873563218,0.9924360400444937,3.0,0.0,0.27510146455362616,0.0958152293573148,0.22209128364450093,0.1802241176295537,0.03584868053038234,0.14986742620006044
2023-09-30,2023-10-31,1,votes>=1000,bt,31,0.9698924731182796,0.9963709677419356,2.0,0.0,0.11712587201377161,0.03724093822612261,0.08347006464089562,0.1506915602061239,0.018433858347557144,0.05365499295660503
2023-09-30,2023-10-31,1,votes>=1000,lattice_u0.1,31,0.9741935483870968,0.9967741935483874,2.0,0.0,0.11650272366065112,0.03641363274231505,0.08090494170833373,0.14905797734330634,0.017801325040837833,0.052696452829848264
2023-09-30,2023-10-31,1,votes>=1000,lattice_u0.5855,31,0.9698924731182796,0.9963709677419356,2.0,0.0,0.11259897020603338,0.0365722521844669,0.08014580898808199,0.1457761799167886,0.01747314451160892,0.050538097063246065
2023-09-30,2023-10-31,1,votes>=1000,lattice_u0.8,31,0.9698924731182796,0.9963709677419356,2.0,0.0,0.12017260547071351,0.035834388168908646,0.07642087517633156,0.15196110740210655,0.01754006582352976,0.05054938551078876
2023-09-30,2023-10-31,1,all,bt,33,0.9583333333333334,0.9949866310160428,2.0,0.0,0.11712587201377161,0.038122038191302436,0.0931017490461164,0.1506915602061239,0.0196863060511906,0.05953606085376412
2023-09-30,2023-10-31,1,all,lattice_u0.1,33,0.9659090909090909,0.9959893048128343,2.0,0.0,0.11650272366065112,0.03716669775366109,0.08983156232888971,0.14905797734330634,0.01905630453656752,0.05727630864623449
2023-09-30,2023-10-31,1,all,lattice_u0.5855,33,0.9621212121212122,0.9956550802139038,2.0,0.0,0.11259897020603338,0.037533086647078655,0.09351304749032498,0.1457761799167886,0.01904539937916481,0.06033583777956976
2023-09-30,2023-10-31,1,all,lattice_u0.8,33,0.9621212121212122,0.9956550802139038,2.0,0.0,0.12017260547071351,0.03634947003634808,0.08655117317829535,0.15196110740210655,0.018983172641451298,0.0547626712469023
2023-09-30,2023-12-31,3,votes>=1000,bt,31,0.956989247311828,0.9939516129032261,3.0,0.0,0.15283131907872383,0.034970686784113046,0.11237369685085735,0.15928258840665954,0.03432683479325664,0.11805210463871091
2023-09-30,2023-12-31,3,votes>=1000,lattice_u0.1,31,0.956989247311828,0.9939516129032261,3.0,0.0,0.15113214580031742,0.03192861184914494,0.11092204004495038,0.15311974524666838,0.031816964410706104,0.11290963949130134
2023-09-30,2023-12-31,3,votes>=1000,lattice_u0.5855,31,0.956989247311828,0.9939516129032261,3.0,0.0,0.14725432548519113,0.03231580632954748,0.10935590935478309,0.1482636188740737,0.03224985501126378,0.11036520274366565
2023-09-30,2023-12-31,3,votes>=1000,lattice_u0.8,31,0.9655913978494625,0.994758064516129,2.0,0.0,0.14402411693851835,0.03238181023327844,0.10762879210959733,0.14518701221112473,0.03228250724559758,0.10879168738220371
2023-09-30,2023-12-31,3,all,bt,33,0.9431818181818182,0.9893048128342246,5.0,0.0,0.15283131907872383,0.03468151145111049,0.11084829818866207,0.15928258840665954,0.03407668079303326,0.11637213366849919
2023-09-30,2023-12-31,3,all,lattice_u0.1,33,0.9431818181818182,0.9893048128342246,5.0,0.0,0.15113214580031742,0.03174372980737379,0.10920478494131262,0.15311974524666838,0.031638848880355494,0.11119238438766359
2023-09-30,2023-12-31,3,all,lattice_u0.5855,33,0.9431818181818182,0.9893048128342246,5.0,0.0,0.14725432548519113,0.03251156798781419,0.10783777775986146,0.1482636188740737,0.03244961371912344,0.10884707114874402
2023-09-30,2023-12-31,3,all,lattice_u0.8,33,0.9507575757575757,0.9899732620320856,4.0,0.0,0.14402411693851835,0.03247536063748162,0.1061410152889404,0.14518701221112473,0.0323820760126905,0.10730391056154678
2023-10-31,2023-11-30,1,votes>=1000,bt,34,0.9821746880570411,0.998472116119175,1.0,0.0,0.07155990005179647,0.01917134540917965,0.055897849838511794,0.05832285144282545,0.011555131125981633,0.04266080122954078
2023-10-31,2023-11-30,1,votes>=1000,lattice_u0.1,34,0.9893048128342247,0.999083269671505,1.0,0.0,0.0708601145793275,0.019253255722185638,0.05556439800150433,0.057195130924533655,0.011305202306674075,0.04189941434671048
2023-10-31,2023-11-30,1,votes>=1000,lattice_u0.5855,34,0.9821746880570411,0.998472116119175,1.0,0.0,0.06836690186091732,0.01816068900825002,0.05337686685531281,0.05622409323750821,0.011120677332542274,0.0412340582319037
2023-10-31,2023-11-30,1,votes>=1000,lattice_u0.8,34,0.985739750445633,0.9987776928953398,1.0,0.0,0.06908581607748521,0.019219641798629044,0.05462247497633669,0.05491444705224535,0.011492363784520628,0.040451105951096834
2023-10-31,2023-11-30,1,all,bt,36,0.9714285714285715,0.9966537966537966,3.0,0.0,0.07155990005179647,0.01877460231144685,0.054739162521727086,0.05840604075557132,0.012314482058459994,0.04158530322550194
2023-10-31,2023-11-30,1,all,lattice_u0.1,36,0.980952380952381,0.9981981981981983,2.0,0.0,0.0708601145793275,0.01877610942506952,0.05444567500191684,0.05726879148662689,0.012025982791897719,0.04085435190921623
2023-10-31,2023-11-30,1,all,lattice_u0.5855,36,0.980952380952381,0.9984555984555985,1.0,0.0,0.06836690186091732,0.017822988665104775,0.05225206190996472,0.056367599465987905,0.011848633666862472,0.040252759515035305
2023-10-31,2023-11-30,1,all,lattice_u0.8,36,0.9841269841269842,0.9987129987129987,1.0,0.0,0.06908581607748521,0.018706081122133362,0.05352423340982884,0.055293489307291055,0.012192348366268186,0.03973190663963469
2023-10-31,2024-01-31,3,votes>=1000,bt,34,0.9536541889483067,0.9920550038197096,4.0,0.0,0.14866219063951835,0.04394867578972033,0.10445935153727169,0.13511458690852962,0.032987352292664904,0.11571949344717491
2023-10-31,2024-01-31,3,votes>=1000,lattice_u0.1,34,0.9607843137254903,0.9926661573720396,4.0,0.0,0.11534335797904302,0.03970499170126618,0.10446635135835718,0.13297011168083117,0.03047107593892057,0.10564941303635413
2023-10-31,2024-01-31,3,votes>=1000,lattice_u0.5855,34,0.9536541889483067,0.9920550038197096,4.0,0.0,0.1305609735939021,0.041283172274953185,0.10415777305460827,0.1325853304845423,0.031244895786943755,0.10451467100830578
2023-10-31,2024-01-31,3,votes>=1000,lattice_u0.8,34,0.9536541889483067,0.9920550038197096,4.0,0.0,0.1268318419703115,0.03997898316878648,0.10347575027668998,0.13149800512051618,0.030691188204686387,0.10584576800416462
2023-10-31,2024-01-31,3,all,bt,36,0.926984126984127,0.9840411840411842,6.0,0.05555555555555555,0.14866219063951835,0.045433389142048114,0.1036697695842611,0.13763808281776058,0.03317576910174444,0.11432172405985899
2023-10-31,2024-01-31,3,all,lattice_u0.1,36,0.9396825396825398,0.9858429858429859,6.0,0.027777777777777776,0.11534335797904302,0.041265710313487115,0.10420755061381168,0.13415583455915459,0.03090409960988872,0.10538146295653991
2023-10-31,2024-01-31,3,all,lattice_u0.5855,36,0.9365079365079366,0.9858429858429859,6.0,0.027777777777777776,0.1305609735939021,0.04308931265543928,0.10354305143752754,0.13624055279741876,0.03174128547595786,0.10451088892714294
2023-10-31,2024-01-31,3,all,lattice_u0.8,36,0.9365079365079366,0.9858429858429859,6.0,0.027777777777777776,0.1268318419703115,0.04136082076309963,0.10317746937930225,0.13257385139135608,0.03092276366557226,0.10559450785810964
2023-11-30,2023-12-31,1,votes>=1000,bt,44,0.974630021141649,0.9966173361522197,4.0,0.0,0.1648204203634357,0.040537464734321224,0.06988935212791209,0.20314856205036064,0.023349993769915978,0.04308633744515117
2023-11-30,2023-12-31,1,votes>=1000,lattice_u0.1,44,0.974630021141649,0.9966173361522197,4.0,0.0,0.16101570523076364,0.03713319550859882,0.0633718949461084,0.19749644327653543,0.021550408779551375,0.042856478920352804
2023-11-30,2023-12-31,1,votes>=1000,lattice_u0.5855,44,0.974630021141649,0.9968992248062015,3.0,0.0,0.15695824052675555,0.03770056065623039,0.06607720085292963,0.1937790522677474,0.021801021497448905,0.04213842030284143
2023-11-30,2023-12-31,1,votes>=1000,lattice_u0.8,44,0.9725158562367864,0.9961945031712474,4.0,0.0,0.15993893669888876,0.03756539773130581,0.06489147699201969,0.1962177038682006,0.022071496747114658,0.04216638804255649
2023-11-30,2023-12-31,1,all,bt,47,0.9463459759481962,0.9868177613320999,11.0,0.02127659574468085,0.40770444732254824,0.05153984106121523,0.1591686819190713,0.3668840687718176,0.03294408634981266,0.12809844385015723
2023-11-30,2023-12-31,1,all,lattice_u0.1,47,0.935245143385754,0.9798797409805735,15.0,0.06382978723404255,0.26544347558347314,0.04226379286029957,0.1013095302902499,0.29987615231790965,0.028408262235966573,0.07843270573933561
2023-11-30,2023-12-31,1,all,lattice_u0.5855,47,0.9370952821461611,0.9816142460684552,14.0,0.0425531914893617,0.26296659339123074,0.042753362742790804,0.11084405013225776,0.29810082837870244,0.028616224700260717,0.08644809946562938
2023-11-30,2023-12-31,1,all,lattice_u0.8,47,0.9370952821461611,0.982886216466235,13.0,0.0425531914893617,0.2628842949674855,0.04254626577977454,0.10915530666194687,0.2977667816121506,0.028783517765737402,0.0849909641915817
2023-11-30,2024-02-29,3,votes>=1000,bt,44,0.959830866807611,0.9933756166314305,5.0,0.0,0.17796932348730088,0.060438937741032234,0.12901568755740342,0.22877755278384826,0.031288200637525694,0.09857938757188653
2023-11-30,2024-02-29,3,votes>=1000,lattice_u0.1,44,0.959830866807611,0.9933756166314305,5.0,0.0,0.1675341618977793,0.05672232634029843,0.12565653792373876,0.22222835429453638,0.029341227892537368,0.09412421666695131
2023-11-30,2024-02-29,3,votes>=1000,lattice_u0.5855,44,0.9556025369978857,0.9925299506694855,5.0,0.0,0.16364610156782822,0.05781944077221756,0.12617176994291093,0.22022103773622032,0.029953747171930178,0.09779840827588746
2023-11-30,2024-02-29,3,votes>=1000,lattice_u0.8,44,0.9556025369978857,0.9919661733615222,6.0,0.022727272727272728,0.16433565777181386,0.056046814812392286,0.12377260831111479,0.21748585606788057,0.029478452072616956,0.09635065310284857
2023-11-30,2024-02-29,3,all,bt,47,0.9315448658649399,0.9825393154486586,11.0,0.06382978723404255,0.3966667263102613,0.07088900820999412,0.17575710810074938,0.33305203237047915,0.03967117184103437,0.1331162535328149
2023-11-30,2024-02-29,3,all,lattice_u0.1,47,0.9241443108233118,0.9781452358926921,14.0,0.06382978723404255,0.24041463931124457,0.06070194649049873,0.1419607048009944,0.2944425145780363,0.03621810699188818,0.09978383206899388
2023-11-30,2024-02-29,3,all,lattice_u0.5855,47,0.9204440333024978,0.9772201665124884,14.0,0.06382978723404255,0.23725601313446953,0.06166304059796294,0.15113738978671,0.29336929531299527,0.03676990791213062,0.10236089644155293
2023-11-30,2024-02-29,3,all,lattice_u0.8,47,0.9204440333024978,0.976873265494912,14.0,0.06382978723404255,0.2401946157220506,0.05995602851466544,0.14869129354163751,0.2914758755844099,0.036174609351096176,0.1024000992945919
2023-12-31,2024-01-31,1,votes>=1000,bt,52,0.9683257918552035,0.9964996158114914,5.0,0.0,0.07552646036143795,0.010538183909052116,0.03885457853476547,0.07657220830850298,0.010337881171315157,0.037808830587700445
2023-12-31,2024-01-31,1,votes>=1000,lattice_u0.1,52,0.9683257918552035,0.9968411167079313,4.0,0.0,0.07406083629818827,0.010626848848644331,0.03939400106291325,0.07562092395231501,0.010230616892843516,0.03783391340878651
2023-12-31,2024-01-31,1,votes>=1000,lattice_u0.5855,52,0.9728506787330317,0.997438743276701,4.0,0.0,0.07381134788126531,0.010707111437852522,0.038254408160398164,0.07517998086120775,0.010517496277921682,0.03703434238160688
2023-12-31,2024-01-31,1,votes>=1000,lattice_u0.8,52,0.9713423831070891,0.9967557414838213,5.0,0.0,0.07188033559386464,0.011140704669605702,0.039875977911445835,0.07502921526806117,0.010233882635310896,0.03672709823724931
2023-12-31,2024-01-31,1,all,bt,52,0.9683257918552035,0.9964996158114914,5.0,0.0,0.07552646036143795,0.010538183909052116,0.03885457853476547,0.07657220830850298,0.010337881171315157,0.037808830587700445
2023-12-31,2024-01-31,1,all,lattice_u0.1,52,0.9683257918552035,0.9968411167079313,4.0,0.0,0.07406083629818827,0.010626848848644331,0.03939400106291325,0.07562092395231501,0.010230616892843516,0.03783391340878651
2023-12-31,2024-01-31,1,all,lattice_u0.5855,52,0.9728506787330317,0.997438743276701,4.0,0.0,0.07381134788126531,0.010707111437852522,0.038254408160398164,0.07517998086120775,0.010517496277921682,0.03703434238160688
2023-12-31,2024-01-31,1,all,lattice_u0.8,52,0.9713423831070891,0.9967557414838213,5.0,0.0,0.07188033559386464,0.011140704669605702,0.039875977911445835,0.07502921526806117,0.010233882635310896,0.03672709823724931
2023-12-31,2024-03-31,3,votes>=1000,bt,52,0.9638009049773756,0.9952189874498419,6.0,0.019230769230769232,0.087944120509726,0.014626321332790165,0.04937930371338295,0.0871169172398718,0.014451870969329095,0.04929658338639752
2023-12-31,2024-03-31,3,votes>=1000,lattice_u0.1,52,0.9653092006033183,0.995475113122172,6.0,0.019230769230769232,0.0862690757593938,0.014171893864261365,0.049072584965207916,0.08557691113756954,0.014066274957050984,0.04900336850302549
2023-12-31,2024-03-31,3,votes>=1000,lattice_u0.5855,52,0.9683257918552035,0.9959873644668317,6.0,0.019230769230769232,0.08610572535280003,0.01424006852723509,0.04930756521844851,0.08518694081145889,0.01409297585993674,0.049215686764314384
2023-12-31,2024-03-31,3,votes>=1000,lattice_u0.8,52,0.962292609351433,0.9950482370016221,6.0,0.019230769230769232,0.08401426791490052,0.01436057930276313,0.04927194802423841,0.08519548997333104,0.014221390111416507,0.04939007023008147
2023-12-31,2024-03-31,3,all,bt,52,0.9638009049773756,0.9952189874498419,6.0,0.019230769230769232,0.087944120509726,0.014626321332790165,0.04937930371338295,0.0871169172398718,0.014451870969329095,0.04929658338639752
2023-12-31,2024-03-31,3,all,lattice_u0.1,52,0.9653092006033183,0.995475113122172,6.0,0.019230769230769232,0.0862690757593938,0.014171893864261365,0.049072584965207916,0.08557691113756954,0.014066274957050984,0.04900336850302549
2023-12-31,2024-03-31,3,all,lattice_u0.5855,52,0.9683257918552035,0.9959873644668317,6.0,0.019230769230769232,0.08610572535280003,0.01424006852723509,0.04930756521844851,0.08518694081145889,0.01409297585993674,0.049215686764314384
2023-12-31,2024-03-31,3,all,lattice_u0.8,52,0.962292609351433,0.9950482370016221,6.0,0.019230769230769232,0.08401426791490052,0.01436057930276313,0.04927194802423841,0.08519548997333104,0.014221390111416507,0.04939007023008147
2024-01-31,2024-02-29,1,votes>=1000,bt,58,0.9879007864488806,0.9987695715032763,4.0,0.0,0.1178977379509415,0.017720455313450637,0.03417668995705964,0.10556240639181713,0.008835171943777993,0.022182467333268754
2024-01-31,2024-02-29,1,votes>=1000,lattice_u0.1,58,0.9866908650937687,0.9988926143529486,4.0,0.0,0.11618445589556736,0.017832992815553134,0.03433744379153538,0.10347897050236904,0.008945789904776201,0.0219983328772221
2024-01-31,2024-02-29,1,votes>=1000,lattice_u0.5855,58,0.9866908650937687,0.9988926143529486,4.0,0.0,0.11551752081180233,0.017716791869805768,0.034180785840335466,0.10230884833578716,0.008812283318153709,0.021827604975974232
2024-01-31,2024-02-29,1,votes>=1000,lattice_u0.8,58,0.9854809437386568,0.9987080500784399,4.0,0.0,0.11311489453977319,0.017677492104570737,0.03449092664154971,0.10040494727844049,0.00872347502212848,0.022003290260913647
2024-01-31,2024-02-29,1,all,bt,58,0.9879007864488806,0.9987695715032763,4.0,0.0,0.1178977379509415,0.017720455313450637,0.03417668995705964,0.10556240639181713,0.008835171943777993,0.022182467333268754
2024-01-31,2024-02-29,1,all,lattice_u0.1,58,0.9866908650937687,0.9988926143529486,4.0,0.0,0.11618445589556736,0.017832992815553134,0.03433744379153538,0.10347897050236904,0.008945789904776201,0.0219983328772221
2024-01-31,2024-02-29,1,all,lattice_u0.5855,58,0.9866908650937687,0.9988926143529486,4.0,0.0,0.11551752081180233,0.017716791869805768,0.034180785840335466,0.10230884833578716,0.008812283318153709,0.021827604975974232
2024-01-31,2024-02-29,1,all,lattice_u0.8,58,0.9854809437386568,0.9987080500784399,4.0,0.0,0.11311489453977319,0.017677492104570737,0.03449092664154971,0.10040494727844049,0.00872347502212848,0.022003290260913647
2024-01-31,2024-04-30,3,votes>=1000,bt,58,0.9770114942528734,0.9980928358300779,3.0,0.0,0.11443246102525606,0.014842804862801616,0.050776827365798555,0.11652706438169774,0.014755190853943783,0.04868222400935687
2024-01-31,2024-04-30,3,votes>=1000,lattice_u0.1,58,0.9806412583182091,0.998461964379095,3.0,0.0,0.11178233815308497,0.014758123665427577,0.050922827081064395,0.11358074717419897,0.014748022514082516,0.049124418059950395
2024-01-31,2024-04-30,3,votes>=1000,lattice_u0.5855,58,0.9806412583182091,0.998461964379095,3.0,0.0,0.11071491356309932,0.014509864901165632,0.05085386855577324,0.11287342374878373,0.01445420444124511,0.04869535837008883
2024-01-31,2024-04-30,3,votes>=1000,lattice_u0.8,58,0.9794313369630973,0.9982158786797504,3.0,0.0,0.1079718222182226,0.01444820722720775,0.052390609622874104,0.10997876813200383,0.014382967401404441,0.05038366370909288
2024-01-31,2024-04-30,3,all,bt,58,0.9770114942528734,0.9980928358300779,3.0,0.0,0.11443246102525606,0.014842804862801616,0.050776827365798555,0.11652706438169774,0.014755190853943783,0.04868222400935687
2024-01-31,2024-04-30,3,all,lattice_u0.1,58,0.9806412583182091,0.998461964379095,3.0,0.0,0.11178233815308497,0.014758123665427577,0.050922827081064395,0.11358074717419897,0.014748022514082516,0.049124418059950395
2024-01-31,2024-04-30,3,all,lattice_u0.5855,58,0.9806412583182091,0.998461964379095,3.0,0.0,0.11071491356309932,0.014509864901165632,0.05085386855577324,0.11287342374878373,0.01445420444124511,0.04869535837008883
2024-01-31,2024-04-30,3,all,lattice_u0.8,58,0.9794313369630973,0.9982158786797504,3.0,0.0,0.1079718222182226,0.01444820722720775,0.052390609622874104,0.10997876813200383,0.014382967401404441,0.05038366370909288
2024-02-29,2024-03-31,1,votes>=1000,bt,68,0.9841966637401228,0.9984731076077414,4.0,0.0,0.12322077924609953,0.015521530358736458,0.05549718778508007,0.11266182791391988,0.00788513986264139,0.04493823645290041
2024-02-29,2024-03-31,1,votes>=1000,lattice_u0.1,68,0.9815627743634765,0.9984731076077414,4.0,0.0,0.1252281232313499,0.015918841001986418,0.05730859658794831,0.11437036328008707,0.008376263994064898,0.04645083663668547
2024-02-29,2024-03-31,1,votes>=1000,lattice_u0.5855,68,0.9868305531167689,0.9988548307058058,4.0,0.0,0.1201132683700128,0.01600099654642387,0.05528064003328524,0.10880376167784434,0.007970145077186741,0.04397113334111678
2024-02-29,2024-03-31,1,votes>=1000,lattice_u0.8,68,0.9850746268656716,0.9986257968469672,4.0,0.0,0.1170333472704066,0.016312482668093507,0.058015376427988215,0.10559156063325276,0.008099073940231705,0.046573589790834376
2024-02-29,2024-03-31,1,all,bt,70,0.9801242236024845,0.998145394103753,4.0,0.0,0.17363746598805663,0.018278091110290193,0.06371199601419536,0.16307851465587697,0.010859883199797842,0.06045065771342326
2024-02-29,2024-03-31,1,all,lattice_u0.1,70,0.977639751552795,0.998145394103753,4.0,0.0,0.17554308634262294,0.018852088715799742,0.06519229709933311,0.1646853263913601,0.011525013908104552,0.06626465299965602
2024-02-29,2024-03-31,1,all,lattice_u0.5855,70,0.982608695652174,0.9984953197445542,4.0,0.0,0.17493603245985978,0.018844287620910994,0.06373491627017287,0.16362652576769132,0.01104288905079492,0.0638498679047926
2024-02-29,2024-03-31,1,all,lattice_u0.8,70,0.980952380952381,0.9982853643600735,4.0,0.0,0.17368430911650434,0.01911984348018635,0.0643222964076895,0.1622425224793505,0.011141103573120599,0.06267686175027172
2024-02-29,2024-05-31,3,votes>=1000,bt,68,0.9683933274802458,0.9971752490743215,4.0,0.0,0.1667087884408185,0.03537706965925455,0.09386041882390378,0.13520674514719316,0.019746607946760582,0.07725573793075452
2024-02-29,2024-05-31,3,votes>=1000,lattice_u0.1,68,0.9666374012291482,0.9970989044547085,4.0,0.0,0.16704460579261138,0.03486925293433962,0.09317530485280978,0.13712481210182947,0.019246464555433926,0.07649958682229138
2024-02-29,2024-05-31,3,votes>=1000,lattice_u0.5855,68,0.9692712906057945,0.9973661106233537,4.0,0.0,0.16658815837853247,0.03493430993807155,0.09324166519767964,0.13659932921470574,0.019306839301255502,0.07600734128206094
2024-02-29,2024-05-31,3,votes>=1000,lattice_u0.8,68,0.967515364354697,0.9970607321449021,4.0,0.0,0.16074280716598066,0.035579850869477125,0.09231792659785573,0.13033894520652453,0.01993794031193267,0.0782987243161792
2024-02-29,2024-05-31,3,all,bt,70,0.958592132505176,0.9945761525675795,12.0,0.014285714285714285,0.17887515797449216,0.03941158579092654,0.11504263625721421,0.20579715385468095,0.024227708698789534,0.10933127557483438
2024-02-29,2024-05-31,3,all,lattice_u0.1,70,0.9569358178053831,0.9945061674394191,12.0,0.014285714285714285,0.17925719154034736,0.03893603894656889,0.11497981602738855,0.20507612887516247,0.023759615949917646,0.10881511846448437
2024-02-29,2024-05-31,3,all,lattice_u0.5855,70,0.9577639751552796,0.9938063161578164,14.0,0.014285714285714285,0.17972331340349845,0.038970275314428274,0.11400025185679002,0.20265171198144205,0.02378930383866411,0.10829429223425181
2024-02-29,2024-05-31,3,all,lattice_u0.8,70,0.9577639751552796,0.9944361823112589,12.0,0.014285714285714285,0.17739008414874635,0.03952437606715384,0.12034608542059934,0.20029024338703363,0.024329377239824933,0.11089746183108538
2024-03-31,2024-04-30,1,votes>=1000,bt,76,0.9838596491228071,0.9990704032809297,4.0,0.0,0.084603618716242,0.009274650710635938,0.032810601953803864,0.08229376872290076,0.009086727293124226,0.031099057593632184
2024-03-31,2024-04-30,1,votes>=1000,lattice_u0.1,76,0.9845614035087721,0.9990704032809297,4.0,0.0,0.08160151463372678,0.009391306343502718,0.031933564594419594,0.07961109518071913,0.009290808702426568,0.03072840918117395
2024-03-31,2024-04-30,1,votes>=1000,lattice_u0.5855,76,0.9817543859649124,0.9989336978810662,4.0,0.0,0.08271095434258013,0.009149318522775654,0.032436590804292814,0.080529251468444,0.009004526222428718,0.03299269724567669
2024-03-31,2024-04-30,1,votes>=1000,lattice_u0.8,76,0.9838596491228071,0.999043062200957,4.0,0.0,0.09124171583950169,0.009206996343086115,0.03144280895684087,0.0892832619739809,0.009086096351506765,0.030569930585631136
2024-03-31,2024-04-30,1,all,bt,77,0.9801777170198223,0.9985277880014721,6.0,0.012987012987012988,0.12757025812109424,0.01081095730038215,0.03345180946038061,0.1297443334135958,0.01065370919079269,0.033583297804486614
2024-03-31,2024-04-30,1,all,lattice_u0.1,77,0.9794941900205058,0.9981334455018664,8.0,0.012987012987012988,0.12586829702666835,0.01090399453419318,0.03256470759763322,0.12754117211884808,0.01082652770783464,0.03340652595236735
2024-03-31,2024-04-30,1,all,lattice_u0.5855,77,0.9767600820232398,0.998001998001998,8.0,0.012987012987012988,0.12426239391448135,0.010644293527862742,0.03512512131194006,0.12640731888402446,0.010529237815436455,0.033754566665766
2024-03-31,2024-04-30,1,all,lattice_u0.8,77,0.9788106630211892,0.9981071560018928,8.0,0.012987012987012988,0.12289384482840204,0.010683448920817492,0.03244552266202016,0.12456525344635361,0.010585825664426854,0.032258014547856595
2024-03-31,2024-06-30,3,votes>=1000,bt,76,0.9768421052631581,0.9982775119617224,4.0,0.0,0.10210330567198889,0.0209618836602424,0.055626481120156085,0.08804092792456279,0.016074419897552556,0.05422979354086837
2024-03-31,2024-06-30,3,votes>=1000,lattice_u0.1,76,0.977543859649123,0.9982775119617224,4.0,0.0,0.09931252020927273,0.020282072685573835,0.05427492370832922,0.08582514803340704,0.015692509250488137,0.05323612271280394
2024-03-31,2024-06-30,3,votes>=1000,lattice_u0.5855,76,0.9754385964912282,0.9982228298017771,4.0,0.0,0.09943698058269057,0.0201900415069351,0.05371736594838543,0.08578996889612023,0.015686955584420872,0.05397405518745085
2024-03-31,2024-06-30,3,votes>=1000,lattice_u0.8,76,0.9761403508771931,0.9981954887218044,4.0,0.0,0.10633484960703798,0.020482620886881207,0.05387559939894829,0.09363749767860291,0.016229912632970068,0.05237774607129207
2024-03-31,2024-06-30,3,all,bt,77,0.9719753930280245,0.9973710500026288,8.0,0.012987012987012988,0.12371665765543449,0.022296361244595542,0.058280528361760946,0.13711468809886757,0.017646371432634565,0.06339685049928455
2024-03-31,2024-06-30,3,all,lattice_u0.1,77,0.972658920027341,0.9973710500026288,8.0,0.012987012987012988,0.11378350217750988,0.021496376964689888,0.05660026638934658,0.1260899001147513,0.01712624159937467,0.060261719124741986
2024-03-31,2024-06-30,3,all,lattice_u0.5855,77,0.9685577580314422,0.9965034965034965,11.0,0.012987012987012988,0.12638130157076777,0.02156914878049137,0.05664700669647634,0.13999602445622378,0.017301359076262467,0.06104222872125894
2024-03-31,2024-06-30,3,all,lattice_u0.8,77,0.9699248120300752,0.9967663915032334,10.0,0.012987012987012988,0.12204443057105252,0.02180160542823408,0.05617021130171902,0.13466427334151976,0.01776802121360058,0.05950160351585307
2024-04-30,2024-05-31,1,votes>=1000,bt,92,0.9847109412326802,0.9991214956151842,4.0,0.0,0.09002022513672903,0.015056314036438053,0.02886888590880069,0.07729666058105444,0.00957979582219918,0.03631494350175748
2024-04-30,2024-05-31,1,votes>=1000,lattice_u0.1,92,0.9861442904921165,0.9992139697609543,4.0,0.0,0.08953913494949395,0.014605289938831546,0.029278835448145506,0.07725434811745507,0.009078287658999618,0.03688599203854513
2024-04-30,2024-05-31,1,votes>=1000,lattice_u0.5855,92,0.9847109412326802,0.9992139697609543,4.0,0.0,0.08697356458150274,0.014389048181130694,0.0287661871418631,0.07515858120341479,0.009015106568483816,0.036318645054484414
2024-04-30,2024-05-31,1,votes>=1000,lattice_u0.8,92,0.9856665074056378,0.9992139697609543,4.0,0.0,0.09558556322438827,0.014969066611134521,0.029154211489968707,0.08340622049786947,0.009764472158571142,0.036676127595418766
2024-04-30,2024-05-31,1,all,bt,92,0.9847109412326802,0.9991214956151842,4.0,0.0,0.09002022513672903,0.015056314036438053,0.02886888590880069,0.07729666058105444,0.00957979582219918,0.03631494350175748
2024-04-30,2024-05-31,1,all,lattice_u0.1,92,0.9861442904921165,0.9992139697609543,4.0,0.0,0.08953913494949395,0.014605289938831546,0.029278835448145506,0.07725434811745507,0.009078287658999618,0.03688599203854513
2024-04-30,2024-05-31,1,all,lattice_u0.5855,92,0.9847109412326802,0.9992139697609543,4.0,0.0,0.08697356458150274,0.014389048181130694,0.0287661871418631,0.07515858120341479,0.009015106568483816,0.036318645054484414
2024-04-30,2024-05-31,1,all,lattice_u0.8,92,0.9856665074056378,0.9992139697609543,4.0,0.0,0.09558556322438827,0.014969066611134521,0.029154211489968707,0.08340622049786947,0.009764472158571142,0.036676127595418766
2024-04-30,2024-07-31,3,votes>=1000,bt,92,0.9842331581462015,0.9990290214694142,4.0,0.0,0.0889158286108368,0.01313864372237696,0.03895878780795641,0.07923582763516973,0.009950479061674802,0.03399909851661032
2024-04-30,2024-07-31,3,votes>=1000,lattice_u0.1,92,0.9856665074056378,0.9991060832575558,4.0,0.0,0.08810034525883126,0.012830543044167019,0.03849697384387195,0.07952904214342116,0.009634824864670205,0.034209251214071486
2024-04-30,2024-07-31,3,votes>=1000,lattice_u0.5855,92,0.9856665074056378,0.9992139697609543,4.0,0.0,0.0861399422596053,0.01275270307230993,0.038300105826666035,0.07720223658403186,0.009393261648960627,0.03316092065585921
2024-04-30,2024-07-31,3,votes>=1000,lattice_u0.8,92,0.9842331581462015,0.9990290214694142,4.0,0.0,0.09215267480058187,0.013310176069470188,0.03879729854747435,0.08257171060957874,0.010110104157329033,0.03371499353819865
2024-04-30,2024-07-31,3,all,bt,92,0.9842331581462015,0.9990290214694142,4.0,0.0,0.0889158286108368,0.01313864372237696,0.03895878780795641,0.07923582763516973,0.009950479061674802,0.03399909851661032
2024-04-30,2024-07-31,3,all,lattice_u0.1,92,0.9856665074056378,0.9991060832575558,4.0,0.0,0.08810034525883126,0.012830543044167019,0.03849697384387195,0.07952904214342116,0.009634824864670205,0.034209251214071486
2024-04-30,2024-07-31,3,all,lattice_u0.5855,92,0.9856665074056378,0.9992139697609543,4.0,0.0,0.0861399422596053,0.01275270307230993,0.038300105826666035,0.07720223658403186,0.009393261648960627,0.03316092065585921
2024-04-30,2024-07-31,3,all,lattice_u0.8,92,0.9842331581462015,0.9990290214694142,4.0,0.0,0.09215267480058187,0.013310176069470188,0.03879729854747435,0.08257171060957874,0.010110104157329033,0.03371499353819865
2024-05-31,2024-06-30,1,votes>=1000,bt,105,0.9974358974358973,0.9999170640680075,2.0,0.0,0.023380776955522875,0.002070200331024322,0.005685488781117286,0.022698743891273687,0.0018138132404554948,0.00517802337049833
2024-05-31,2024-06-30,1,votes>=1000,lattice_u0.1,105,0.9974358974358973,0.9999066970765084,2.0,0.0,0.023107788019633868,0.0020084162993195434,0.005388836698847854,0.02266324878784387,0.0019094399614064525,0.005158252827615794
2024-05-31,2024-06-30,1,votes>=1000,lattice_u0.5855,105,0.9963369963369961,0.9998859630935103,2.0,0.0,0.02245433247072337,0.002412778914519967,0.007705602917746663,0.02201749574504608,0.0023709827061529397,0.007989801568790736
2024-05-31,2024-06-30,1,votes>=1000,lattice_u0.8,105,0.9967032967032966,0.999865229110512,3.0,0.0,0.022825482123281005,0.0022693044179789086,0.007197964914906384,0.022113873540450635,0.00206926229046369,0.006751880421895704
2024-05-31,2024-06-30,1,all,bt,107,0.9940045847293246,0.9996179392229472,6.0,0.009345794392523364,0.23495397100532756,0.005106891863040929,0.008867912801064828,0.23427193794107837,0.004855297054538809,0.009549945865314016
2024-05-31,2024-06-30,1,all,lattice_u0.1,107,0.9936519132428144,0.9995395677815004,7.0,0.009345794392523364,0.24508819884098637,0.005072695989382405,0.008899249672513918,0.24464365960919637,0.004975569676477038,0.009343788904303915
2024-05-31,2024-06-30,1,all,lattice_u0.5855,107,0.993299241756304,0.9996473285134898,5.0,0.0,0.21575136197542627,0.005316198397584908,0.00967519626901266,0.21531452524974898,0.005275183426757451,0.009663853184315492
2024-05-31,2024-06-30,1,all,lattice_u0.8,107,0.9936519132428144,0.999627735653128,5.0,0.0,0.21240191657037433,0.005153646005051061,0.009241033021471407,0.21169030798754396,0.004957342982723042,0.009952641604301777
2024-05-31,2024-08-12,3,votes>=1000,bt,105,0.9963369963369961,0.999865229110512,2.0,0.0,0.04859033134819157,0.0077512148504812915,0.012191474833774885,0.04237323190780662,0.002534946471039169,0.007673715513325562
2024-05-31,2024-08-12,3,votes>=1000,lattice_u0.1,105,0.9956043956043954,0.9998341281360149,2.0,0.0,0.04787644262576474,0.007556516812272465,0.011989782688176086,0.04178116172631435,0.002621481800976723,0.007779190780298471
2024-05-31,2024-08-12,3,votes>=1000,lattice_u0.5855,105,0.9952380952380951,0.9998341281360149,2.0,0.0,0.047474125124464805,0.007727499775058277,0.014989461876288433,0.04157304047534982,0.003297157212444823,0.013440912734648732
2024-05-31,2024-08-12,3,votes>=1000,lattice_u0.8,105,0.9948717948717947,0.9997926601700186,3.0,0.0,0.04727132805251166,0.007747922108312371,0.012872212278835359,0.04089290697061265,0.0026862699857280238,0.007769257719624396
2024-05-31,2024-08-12,3,all,bt,107,0.9929465702697937,0.999568957072043,6.0,0.009345794392523364,0.25995596451253916,0.010875801307856524,0.015175368632864446,0.2537388650721542,0.005757033271955377,0.013859538953280027
2024-05-31,2024-08-12,3,all,lattice_u0.1,107,0.9918885558102627,0.9994709927702345,7.0,0.009345794392523364,0.2700348553861189,0.010709597375276676,0.015009399701300176,0.2639395744866685,0.005866806009051882,0.013808573679330765
2024-05-31,2024-08-12,3,all,lattice_u0.5855,107,0.9922412272967731,0.9995983463625854,5.0,0.0,0.24123235049080705,0.010731703402786914,0.01958871620933826,0.23533126584169206,0.006384170981530721,0.015003998934828988
2024-05-31,2024-08-12,3,all,lattice_u0.8,107,0.9918885558102627,0.9995591606418621,5.0,0.0,0.23725677057011796,0.010718828916949521,0.014953353261999449,0.23087834948821895,0.00575178711441348,0.014232011982220774
2024-06-30,2024-07-31,1,votes>=1000,bt,114,0.9962738705170004,0.9998298940888196,4.0,0.0,0.022240088697133176,0.00432468221209482,0.01241607667587371,0.025171466494260886,0.0019350158342499428,0.009848897002544202
2024-06-30,2024-07-31,1,votes>=1000,lattice_u0.1,114,0.9959633597267505,0.9998217938073349,4.0,0.0,0.021966234195509818,0.004317119973752614,0.012091922203006608,0.02520081058488989,0.002074263475897821,0.009164005641026745
2024-06-30,2024-07-31,1,votes>=1000,lattice_u0.5855,114,0.9947213165657507,0.9997650918369415,4.0,0.0,0.022139161629918955,0.004487903895683143,0.012900344514188243,0.025434552408273234,0.002568692026622238,0.011555896331669029
2024-06-30,2024-07-31,1,votes>=1000,lattice_u0.8,114,0.9956528489365005,0.9998298940888196,3.0,0.0,0.02324167531363229,0.00420292367495464,0.01182181094839258,0.026059116575158206,0.002367204391112388,0.01050995936765136
2024-06-30,2024-07-31,1,all,bt,114,0.9962738705170004,0.9998298940888196,4.0,0.0,0.022240088697133176,0.00432468221209482,0.01241607667587371,0.025171466494260886,0.0019350158342499428,0.009848897002544202
2024-06-30,2024-07-31,1,all,lattice_u0.1,114,0.9959633597267505,0.9998217938073349,4.0,0.0,0.021966234195509818,0.004317119973752614,0.012091922203006608,0.02520081058488989,0.002074263475897821,0.009164005641026745
2024-06-30,2024-07-31,1,all,lattice_u0.5855,114,0.9947213165657507,0.9997650918369415,4.0,0.0,0.022139161629918955,0.004487903895683143,0.012900344514188243,0.025434552408273234,0.002568692026622238,0.011555896331669029
2024-06-30,2024-07-31,1,all,lattice_u0.8,114,0.9956528489365005,0.9998298940888196,3.0,0.0,0.02324167531363229,0.00420292367495464,0.01182181094839258,0.026059116575158206,0.002367204391112388,0.01050995936765136
2024-07-31,2024-08-12,1,votes>=1000,bt,125,0.9966451612903224,0.999858678955453,4.0,0.0,0.03164622069448764,0.004426410352445486,0.014710584430896317,0.034470180360923974,0.0022571807439727516,0.014448366562330879
2024-07-31,2024-08-12,1,votes>=1000,lattice_u0.1,125,0.9971612903225806,0.9998771121351764,3.0,0.0,0.029705395597296957,0.004421980554346658,0.014571873788441766,0.03252450934718415,0.00247088424460957,0.01440594055717727
2024-07-31,2024-08-12,1,votes>=1000,lattice_u0.5855,125,0.9956129032258064,0.999821812596006,3.0,0.0,0.02964265380195008,0.0049312725660031875,0.017574144267202496,0.03272754769922359,0.003219620431137727,0.018530020674998916
2024-07-31,2024-08-12,1,votes>=1000,lattice_u0.8,125,0.9969032258064515,0.9998709677419353,4.0,0.0,0.0317880150736371,0.004654661314111786,0.015320031770011532,0.03486609964774544,0.0024550063773463413,0.01448514438699598
2024-07-31,2024-08-12,1,all,bt,127,0.9950006249218846,0.9997363610798649,6.0,0.007874015748031496,0.09284759918860974,0.005335476199661898,0.01706730678001994,0.09567155885504608,0.003200407687385584,0.019179064052000785
2024-07-31,2024-08-12,1,all,lattice_u0.1,127,0.9955005624296961,0.9997539370078738,6.0,0.007874015748031496,0.09671870608071122,0.005327443074160966,0.01673618319276144,0.09953781983059841,0.00340707269056147,0.01904294415981083
2024-07-31,2024-08-12,1,all,lattice_u0.5855,127,0.9940007499062615,0.999701209223847,6.0,0.007874015748031496,0.09584796673230371,0.0058060981305023745,0.019484641180080083,0.09893286062957722,0.004121401147367079,0.020583897896294893
2024-07-31,2024-08-12,1,all,lattice_u0.8,127,0.9952505936757904,0.9997480783652042,6.0,0.007874015748031496,0.10221384689665727,0.005519165759844087,0.016333054952838603,0.10529193147076561,0.003354151058303294,0.016607370164602984
