,999,7,43,101,202,303,404,505,606,707
AdamGillard,-0.0021636529410287327,-0.006347576250078797,0.00878406075058893,0.0041394094929944605,-0.008372197625396621,0.0018313058860496122,0.008813995068846042,0.00608443711560895,0.012269038692251308,0.011462125192963846
AdamGillardEnhanced,-0.003527713773203904,-0.001725996233286668,-0.0015195683672114045,0.0025097420534660156,0.0017847934211580626,-0.002986921054556921,0.00011313137994666202,-0.0022170939847043786,-0.003572140291790207,0.005450313357768618
AviralPoddar,0.017438130946455653,0.033636652018941435,0.031057666440068576,0.03597993675789542,0.01776240633794878,0.044562138736186495,0.05196072664086957,0.1033035904476046,0.03353551520375793,0.05490027659354306
BalanceSheetBot,0.0014830391022438696,0.01160444103470137,0.017226888963236948,0.008565027485494573,0.012231495848550608,0.01169990190086594,0.011085890165255644,0.008359611507626158,0.004907454147432426,0.00719907228500226
BaseRateBot,0.001282115475933164,-0.0016802625504226218,0.0015832917813112198,-0.0001551880805665018,0.0009563816711492816,0.002470226144124206,0.0063517176698477265,0.004035654798267297,0.005706206505747743,0.0023659922608237653
BatteryMetalsBot,0.005812109955361961,0.0012993218625881185,0.0009704427523430055,-0.001380942051612999,0.0030175483388696607,0.0023457348044004815,-5.9998223468204116e-05,-0.0008858258588994865,-0.0007256539545041337,-0.0002911850399354939
Beamer,0.001904224417810289,0.0007564874234459764,0.0019622856915651877,0.006297930516467664,-0.001067400898617342,0.004252052276023786,-0.001760467080950722,0.001818629599999942,0.002737694196198206,0.002561900634204169
BearCaseBot,0.016423456013887595,0.010028959195987418,0.007208895913115296,0.011513797889941777,0.006942776404056694,0.0075514771803905254,0.013867202899996442,0.00914550350406706,0.012229958029958073,0.009402840051143963
BiopharmaMedtechBot,-0.0012109307847340703,0.0023996408873770353,-0.00034004043175938183,-0.0017690245691637672,0.0048739193884443964,-0.0008302681025259676,-0.003969385737023291,-0.000926641787284573,-0.0005645016782830409,-0.001359997619462914
BiosecurityBot,0.47832297787725964,0.5221343125417992,0.43574613215748903,0.4519081052209591,0.49207788445300565,0.5009144560599372,0.40005077000311506,0.5349665046072665,0.4013496478880085,0.5160606819623309
BismuthBaron,0.016158391775847547,0.03344919281813049,0.040434352540644265,-0.002169244077644676,0.01757648649480299,0.03244423021541119,-0.00418746708300071,0.06433201463393276,-0.002819197463007188,0.0009946278571779158
Bot007,-0.005901388797471291,-0.010214259956866796,-0.038076836686512246,-0.01368609332086217,-0.002238752531104955,-0.009212404350210859,0.006332510137679258,-0.03541503758336466,-0.02944995295516451,-0.018573242808610366
BullCaseBot,-0.0017148591606436395,-0.0015653386767211152,-5.457598886863491e-05,0.0004354940426498988,0.00214062830618672,-0.0003633402353340806,-0.0014659552281801002,0.002349256026975585,0.005253918381778445,0.0001415018681188856
BullionPulse,0.17863329416163773,0.2575382922688509,0.21723846176858708,0.22342036678063748,0.10490742301590382,0.22124297706207216,0.20680291030570755,0.13612264516003414,0.1890005288679104,0.26142833917900554
BundPulse,-0.032572631501376854,-0.00875035974953927,-0.01055763786233033,-0.012392741273049608,-0.0190820649597454,0.03296213758067987,-0.01695479197566949,0.03326189640733586,-0.009428712692932249,0.010075031423896253
CalibrationBot,0.0007936824227625361,0.0013994778186828532,0.005605502325749181,0.007201225806346061,0.005949056263509678,0.0031736867817163637,0.006151475613910274,0.00478995244870881,0.0031669064099822414,0.002982721846830412
CarbonMarketsBot,-0.0004841377660530643,0.0012407928435020105,0.0005672586501561361,0.0016042627925178545,-0.0011922041551838793,0.00031833580424542893,-1.4217160496497944e-05,0.001742255165856929,-0.0020687567230100504,-0.00035159798501186557
Cftcsofts1,-0.022020996353107856,-0.007327398891600943,-0.00757251062319979,-0.012448907311548412,-0.02324232193825213,-0.001879185619252742,-0.057362371317624714,-0.037248704746588125,-0.015468854852467405,-0.04307840536907498
ChrisChico,-0.019182850578632095,0.015630027053892354,-0.02463184345009686,0.014551316319094417,0.04955838366980504,0.03247363089788935,0.004928467530511317,0.03918321939176381,0.01366339066942358,0.06319420057330485
ChrisChicoEnhanced,-0.008473217467934245,0.0010150841283356866,0.050897246291181295,0.038398362546313326,0.008571859303510001,-0.004394887593113565,-0.015854428290151993,0.009178320472575677,0.013652589306935923,0.05803978618533005
ChrisManual,0.009044176537196332,0.003759582868502283,-0.01855675081126327,-0.0032710905801158637,0.0074746362057014695,0.0030620205800059408,0.013713808554245182,0.010413896130830458,0.012199874627618248,0.02251963645633887
ChristopherCalderwood,-0.0596694703712906,-0.07984109362168285,-0.08312190693055811,-0.08334319843656082,-0.0743705358673826,-0.07958987724516062,-0.07571979702070042,-0.09675303698771827,-0.07347235432092931,-0.0843219241812247
ChromeChaser,-0.005732009679810325,0.00414460720191964,-0.011699489012626825,-0.013999669539993157,-9.907407422818671e-06,0.012289875823319531,-0.002543763439802419,-0.008020066904849413,-0.003412306751104191,0.0020729537678441405
ColinManual,-0.04866649101593233,-0.0897022349243905,-0.05078554105357735,-0.0010255977481932576,0.07517578487180332,0.005934494512196341,-0.025018178150250505,-0.025218432967457138,0.034368759521574456,-0.025756849406077906
ColtanTracer,-0.007119708450674306,-0.004413305153788007,0.0013333978500250073,-0.026281286631287565,-0.01497946359051233,-0.02211313925722747,-0.006006794804394497,0.008604036024028512,-0.017522723973361836,-0.014320264610083193
CommoditySpotBot,-0.002871485149212818,-0.004923702033958739,-0.002867005757464638,-0.004586165051620315,-0.0028638312143504626,-0.006052845148694495,-0.012689087423095512,-0.0008560315546311745,-0.004601323833275696,-0.007379174966103884
ConsensusCorrecterBot,-0.0021041698106903464,0.005705612191184005,-0.0023523129781387107,0.0043959618513055385,0.0001285673241356216,0.001879191035379541,0.0048486618636244495,-0.002083865593625193,0.0017582409253594936,0.0019964112323656246
CorpActionsBot,0.0618954524814982,-0.007320174283550447,0.055273790292981954,0.02890270504695925,0.029792713682520205,0.06084606459422355,0.03392441127422306,0.0008048419925333973,0.02845281087133009,0.0200815177182701
CottonTextBot,0.08836467593161938,0.047163735756529226,0.05331615048764926,0.0465332918806853,0.09924839833793263,0.06630248721648638,0.13521685927243085,0.10672728712098271,0.0785715433748614,0.10545509338701127
Cottonfundamental1,-0.022691592401152587,-0.008124168347241313,-0.00911091936912391,-0.006727290387624281,-0.005748872490469549,-0.0031485835625766688,-0.0671671101839096,-0.01912819708456066,-0.012305838231043925,-0.047750794754200715
CraigTindale,0.01092627324916772,0.023803352970373996,0.014551310060720815,0.013669243229304741,0.03682453662129189,0.008441731873094263,0.010471596611857358,0.016391098202921388,0.022368707493374915,0.02087863761473041
CraigTindaleEnhanced,-7.602297122946703e-05,-0.007275349308316556,-0.002640644936719642,-0.013083294064413997,3.124553882255678e-05,0.0010282395662750343,-0.0028861691103392855,-0.0038186844175025422,-0.002470797694110378,-0.0008858282473631178
CurtisSteele,0.03223147586413292,0.014116886885413722,0.00030064194249423043,0.01051465954196724,0.024497673334949805,0.03909767251118015,0.028325366091082,0.013811967837451132,0.043560437106453485,-0.0033008896971464838
DefenseProcurementBot,0.0017336228597179977,0.0020949007138031353,0.000720722135284976,-0.000616492059780795,-0.0010410346551392449,0.0018824437710553016,-0.0019752912680272485,-0.00015093531686171226,0.0027377783936687783,-0.00037306723137551953
DiffusionMcBot,0.0010035835310182868,-0.0008486777768534673,0.0019493352689034403,-0.0011522740646383745,-0.005580596426043128,-0.010347084567259784,-0.01177821960902343,-0.0016319189295107095,0.0006423013958588734,0.000405358076281081
DysprosiumDuke,0.0005937344943680021,0.005426448788650152,-0.0012570214540948718,0.007849903139966008,0.0008738582431260231,0.010170860070267922,0.00529851098827623,0.017865922555150543,-0.012457826987285427,0.0020650890811840937
EJFreni,0.0015906816253568948,-0.001391382299530744,0.003256554959336272,0.00993415657319617,0.13659124378850784,0.08353712201235457,-0.0015687945134086612,0.10143022012258229,-0.0038381157505340546,0.07955468396392407
EnergyTransitionBot,-0.0025117750924485392,0.0015360410543859926,0.0008468725580618077,-0.0016239822551573264,0.00029448735153801193,-0.0001727541956461213,-0.0007848406819917175,0.0025846272869195054,0.0021093716544072962,0.0010822132940142225
EnsembleBot,0.1033138374776866,0.202596656656134,0.23271478636390164,0.17231342505358244,0.24662934435734898,0.23978771216797495,0.21415945275229534,0.21979870807797386,0.12653841900810697,0.25112319316262605
EquityTapeBot,-0.021038777608776524,-0.0036630485816399154,-0.03860407179567226,-0.03422558005501142,-0.013083036892410277,-0.012143347780101987,-0.02771172633652893,-0.025933448642682756,-0.009270289996582083,-0.019351686121906506
ErbiumEdge,0.0011082442348560775,-0.0017279027640782953,5.8843767750342155e-05,3.204151865691876e-05,-0.0021126635707980892,0.00198226013530375,-0.0013349196592502153,0.01577375793460507,-0.0032245842426265586,0.0015817603322002684
FastmarketsBattery,-0.002560019700192107,-0.009181116666900396,-0.00435988238893121,-0.006156937769605801,-0.0003667597938119972,-0.00163500036737508,0.0030496232411224835,0.02762981202405941,-0.0005342659596004513,0.009256311384232205
FastmarketsSpotBot,-0.00486682189242808,-0.001675697831595598,0.014892863167814432,0.008896269361194552,0.010050733211659231,-0.00733706633102764,0.021982125612143945,0.0024636642566014237,0.00853645539853335,0.013723607763887355
FatTailsBot,0.0031271351818136345,0.0021101357720517337,0.00656266417853334,0.0040916816499189665,0.0019434132853333192,0.0053376777591518905,0.005446428787468879,0.0059860468685486974,0.00392300654208975,0.002438800982519144
FedPolicyBot,-0.0008866382084050326,-0.002276825066694025,0.002099352749886049,0.001192443210028091,0.0007175103696381625,0.00024404201314990928,-0.0023829630973052143,0.005534270636788136,-0.0003821404924586091,0.0017014888188916436
ForwardCurveBot,0.0004492747084184894,0.004809173064009748,0.005070713614440807,0.006196888771133616,0.007423461108716606,0.0062943495217047144,0.0017532439936120139,0.0022066132321186534,0.0013084810039544524,0.00502092457011755
FrontierFluxBot,-0.0006668295652550466,0.007126870419182534,0.0044460022706266636,0.005078540153728667,0.007295875242102447,0.004513104146155205,0.0036754789509517768,0.004480762775138887,0.008268716052121277,0.004974765741038989
FundamentalsFive,0.003392901000360521,0.004242723687461949,0.0025465777555848867,0.005025078042875789,0.006002921862164825,0.002542594960036527,-0.0008065524125471512,0.00509143102244608,-0.0008023532077896272,0.002219776453875638
FxRatesBot,0.003625707004270971,0.0028402380298959006,0.001409463056418786,-0.0008682108409105548,0.001106911550479998,0.0016308618430041265,-0.003092601461858928,0.003736574188851764,0.002198915025828252,0.0011377664847291554
GlobalEventsBot,0.0033500354539948555,-0.0011222924020598262,-0.0007218679544354718,0.000698814264034131,-0.0009098800065016472,-0.0013020487721365456,-0.0042840908909639,-0.0014279305555185543,-0.0025858189444340806,-0.0009448196803177551
GoldmanSachsBot,-0.01945521207333216,-0.031193799390039488,-0.033397234635486724,-0.011099864953298866,-0.04313350023138337,-0.009286156266629882,-0.02505161562561939,-0.021074540885279658,-0.025561975129378866,-0.011761174644127664
GrindWatch,0.035587909154113466,-0.0008165118558297456,0.015734058683374203,0.05712053931288755,0.048853786048697403,0.02536003380362583,0.029283346795541575,-0.002227906539625143,-0.007314873380903208,0.03240547722097565
GrokSubstrate,0.004778700470262182,0.00028684389918545293,0.0008977159315009471,0.0032875212945633107,0.006112311954724183,0.0011248323853960298,0.007351450632506304,0.000635037866547998,-0.0013564475362878874,0.00412015761969817
HafniumHawk,-0.002672107035898354,0.010100073663201205,-0.003125405856954393,0.014804688914292376,0.0023674295269207114,-0.0074517097503970665,0.022366330291576,0.008439340098025574,-0.0008166567814001457,-0.01269095229133087
HarmattanTrader,0.09683136343797352,0.06478841396842569,0.10225854997698937,0.014021592573836828,0.09459402142122847,0.05776584782805268,-0.014276615751291253,0.07894756629993614,0.06943270538002928,0.07045126713909285
HolmiumHunter,0.001408776220581537,0.005282851577143084,0.0024161786826874,0.0018638383515924052,-0.006544778908316958,0.005013816715781788,0.004700988033332315,0.007250572647281042,-0.005112493403217809,0.007702645966887604
IndiumInsight,-0.004591483565900884,-0.0030619983144284995,-0.004998896272082414,-0.00888999681431221,0.002596526646168588,0.0006721510590496332,-0.0029602657483596604,0.03060856615965233,-0.0023330786794733523,-0.0088923643971936
IndustrialMetalsBot,-6.383404503827392e-05,0.000810829992447565,0.0006306570085300204,0.003450256763242236,0.00023461837090773313,0.002205852099915371,0.003871531316601776,0.001336534949468343,-0.0022801017706639425,0.0007291214363737767
Intercalation,0.07113751338485734,0.05723874740476008,0.027468487743095907,0.039027073688828566,0.009818302154949266,0.02832623443443738,0.05983281492653959,0.03607044958868773,0.035889047090180516,0.07096793814614034
IntercalationEnhanced,-0.006415199139399344,-0.003026877383242529,-0.003718554405494687,0.0018250050216570475,0.0016928680289825682,-0.0014833850154536614,-0.001325286517155175,-0.0008447952667722932,5.4949441202874906e-05,-0.002301909664057822
JamesMcGeoch,-0.0008436577986076272,0.0013306690894808507,0.00021841726151766456,-0.00026551403320828113,0.003085827406224728,-0.00543403470262274,-0.0031038424583104828,-0.0012818663018137673,-6.223740941326067e-05,-3.9008857721428973e-05
JamesMcGeochEnhanced,-0.0028166251804947846,0.0008005655624632799,0.0012625649352796338,-0.0035759546296038635,-0.0014362282878651424,-0.0017669405290820952,-0.002577940778354312,-0.0019891300931029073,2.288080859792194e-05,-0.0013574902837671069
JohnMeyerSPAngel,0.0005019580473720412,0.0015927965620111354,0.0026064210013891248,0.004319696592228964,-0.0014159451466701056,0.005264562544982334,0.012579179310058017,0.007106756188919548,0.011443171882893132,0.0020979443736064136
JohnMeyerSPAngelEnhanced,0.0024966834044332017,0.001977941804662566,-0.000695129983788436,0.004773291986454394,0.004639989841781231,0.0021053284926492487,0.00578798193320924,0.0003806024938479671,0.0019600697423544393,-0.0004582916437027187
JohnsonMatthey,0.00410638089909176,-0.008688479534599333,0.008195291397284596,0.010100578425542387,-0.0017861066694948946,0.006428333527365677,0.007190313511743871,-0.002660276349965274,0.014171739943600627,0.017012096621772794
JohnsonMattheyEnhanced,0.006311188054621614,0.0016507786977404536,-0.004635309937442114,0.01521392637307097,0.011434479050048194,0.01341369710010689,0.008320172693353403,0.019575748821745783,-0.005803465541885297,-0.004951454878957077
KelvinWaveTrader,0.2935641010770118,0.29604772190608813,0.3170011268224882,0.29559167466798725,0.35101175079441377,0.2909220214386368,0.33560357940853064,0.278299308954775,0.3000637872799712,0.27960331963185736
LadderArbBot,0.037411375333121784,0.057553691159281065,0.04858051614857078,0.05445820663867451,0.04481490807332072,0.030165707336159,0.0557546754068362,0.06776755014897286,0.05170726585759265,0.041255872790606184
LightMetalsBot,0.0026845962304752956,-0.0028805455006040647,0.0024451913538092018,0.010937118987295654,0.009861622334583571,-0.003841702136780533,-0.008665617305489681,0.009888188828919793,0.0016941875788949127,0.0027776385883420025
LlmAgCoverageBot,0.06501128669566371,0.013691369618111493,-0.03542740313246634,0.025946228666403445,0.00826354094546617,-0.057883635906697595,-0.01766406299181662,0.10087038034953122,0.09364328775803626,0.07321131624868928
MacroLensBot,-0.0021887568709049615,0.003044976512377256,0.0020708228301932743,0.006060782521937886,0.0019302803566160233,0.0020244885919914837,0.005216219404878704,0.001476716317037665,0.0012947072850373125,0.004954141945162715
MacroPrintBot,0.008062091921372482,0.0016446216621827216,0.00518966808118426,0.002950821934559044,0.010420443933606728,0.00398873290370394,0.010062522533231878,0.005964190227504933,0.005687568538746237,0.009319765152833514
MagnetMogul,-0.014087796282418411,-0.02427343474381224,-0.011329676887577623,-0.01004856017318287,-0.013097734550574365,-0.034887937076475424,-0.017083147283960005,-0.022398077457951852,-0.03247072381888501,-0.02050762018949205
ManOfSteel,0.0006224764332238601,-0.0006997933479359642,0.0031721300365342756,-0.0001312723540391782,-0.0016637805358258799,9.81882141244083e-05,-0.0022828032527273737,0.002501116897486066,-0.000229877072385893,-0.0004034977723041252
McKinseyBot,-0.006963483897167236,-0.0032551240765004213,-0.011363685446581824,0.04527085659458416,0.004616023328059494,-0.012525241037802478,0.0011022328244406244,0.047404478780918455,-0.010318940614539552,0.01782163718402792
MeanReversionBot,0.0009877630669600098,0.0009620191278701516,0.0007270312520062892,-4.700811402778317e-05,0.0020016596490527194,0.0012296773687191077,0.0053816177252975685,0.0039006473910792516,-0.0016194298921436115,0.0023622030589086143
MekongMemo,-0.0013787705456248483,0.001726245388509662,-0.005610854488868885,0.002392905377026963,0.00589819375865721,-0.0020358441871593524,-0.004160806749735114,0.012856616155990016,-0.0028144535304723394,0.0061172454595344
MekongMemoEnhanced,-0.001564544948432903,0.0016894073574789236,-0.005531316186750433,0.0024009584249299483,0.005900736747566351,-0.00246692300660088,-0.003924218557929556,0.012856616228508717,-0.002704278323258364,0.006117261665811488
MercuryEnsembleBot,0.355086656143706,0.2957114838227708,0.3835399835712046,0.33162014656352123,0.30132861200280575,0.1680951007246435,0.183204496584736,0.3856807364059536,0.2153011849268785,0.3981752732555771
Microprediction,-0.2679444213140463,-0.2578862258935448,-0.23362227410198988,-0.25358949815689474,-0.27214215021661825,-0.22194982183374729,-0.2548229020675669,-0.2562073849326507,-0.26390472638895546,-0.24780929145094205
MikhailTal,0.00658717663956145,-0.004928656439764241,0.0023986905526080945,-0.00588699298138904,0.0014939929291048395,0.010369874341833422,0.003230013992098559,0.012320778287310952,-0.001120995335291541,0.0014952122353118678
MineralImperative,0.014014370691672755,0.009526182882314112,0.002282450365448076,0.009919759345735288,0.006971331198608625,0.0030623130113627485,0.005898391479619841,0.012927716773480969,-0.001356022979993104,0.0028219985639537882
MineralImperativeEnhanced,0.0029578795958790207,-0.002851634168327499,0.0023010687273018354,-0.004057202153001129,0.0007547597609287288,-0.0005770678960285101,-0.006655741922459918,-0.0012150249626423678,-0.002395062152879982,-0.003723611370564428
MiningCorpEventsBot,-0.0003812271414612205,0.00365417388353705,0.0006601932727919357,0.0005016254127096867,0.0005941772699130989,0.0011020967349904172,0.0006531738995616626,0.001421060181244918,0.00012044326460615932,-0.0006055543481506164
MinorMetalsBot,-0.002076774193978208,0.0010731874435902097,0.0002943722981063321,0.00014978344447469662,-0.00018101555213869233,0.001021391038606909,0.0017129999559553535,0.0003955073128306532,0.0006136042597800765,0.0020224941909743033
MofcomBot,0.0010856639159103447,0.010419140926876826,0.0018434951823159231,0.01191142897765906,0.006973457125279284,0.00439619511886323,0.01129145594698121,0.010578020396188352,0.001978755420564537,0.01257997097697365
MolyMiner,-0.0024440626199210484,-0.0011629309531614041,0.005127285129570335,0.004639909599188968,0.0025819837354312774,-0.002774282584967767,-0.004546995767330007,0.02050770632464439,-0.0029092562629151743,-0.003824116854318052
MomentumBot,0.024554353564657967,0.01428011670580326,0.015809316817241525,0.018042232031545924,0.01733265436598602,0.011694697830294939,0.01477730463014785,0.014806348390275335,0.007502088345526853,0.020512313598068873
MotorCityBot,0.007626394135747788,0.005909253006960726,0.0025339113470433825,0.00236229797370885,0.007315849793018158,0.007424159855872091,0.0027626228019412107,0.003182550008000618,0.00233626602395724,0.00713339947786824
MultiLensBot,0.002223945922002701,0.0020088762397339663,0.006281889330463105,0.007153893492298333,0.008543590871772104,0.003193752595434634,0.0115359554024061,0.0069013437962673965,0.008155239138452687,0.006237944080819203
Nasscotton1,-0.09151113542957488,-0.07085142781827217,-0.061741866241063294,-0.07976910241741778,-0.10040611526064985,-0.12576359721536454,-0.09579804036345385,-0.002047707049454771,-0.06269626354735745,-0.0626540054059789
OilGasBot,0.002998607324409708,0.0015039298232034167,0.004299018705564767,-0.0044222953168923575,0.0022608330729216148,0.004150665821071366,0.00013533052234372827,0.0041136895015995,0.0008901519148282961,0.0019805303856648446
OliviaDAngelo,0.564749871766929,0.5702372802396352,0.5943489673078357,0.6045677346644147,0.6064391281183368,0.5795984548431666,0.5705966158143313,0.6036295151901133,0.536266165090519,0.600190406297116
OliviaManual,0.0077196806883503485,0.00851780210669699,0.009936471189250284,0.049639810074771445,0.06013375061737683,0.017593078127243172,0.012118412217584333,0.11139007018383484,0.0030637737162925224,0.07550508630668534
OnMyanmar,0.002727057992568226,-0.022103818703106768,0.002173264474993903,0.009418245327243871,-0.004932142306269955,-0.002398996408366207,-0.020171641515080004,-0.0008728943799128402,-0.004490238573383175,0.007222334300133264
OnMyanmarEnhanced,-0.0255996434161439,-0.03356964640143359,-0.022434592461880624,0.005537022987326846,-0.023104101387588866,-0.001050680015671626,-0.03344169620405847,-0.015624931540742645,-0.03100419541306689,-0.022783220187331
PGMEcosystemBot,0.007285609936844302,0.014480116286912207,0.017035333159962775,0.012665855923496928,0.019216993022211207,0.01401443138820453,0.020191977884928453,0.016484027052964978,0.01903186917400495,0.01826832721529365
PairTradingBot,-0.004189434233554362,-0.0004884192357756353,-0.0012293215331000869,5.942876560786583e-05,-0.0013412009804012253,-0.002771729816016384,-0.008513639387672585,-0.002812182761651975,-0.01137632394989387,-0.0024838970884556786
PerthDeltaBot,0.007370248068665283,0.002300948692225515,0.0024189821394082194,0.005933679748778158,0.0024483473806704774,0.009114342861573914,0.006266746027319503,0.004772742955397604,0.0006437203709310042,-0.0007554417634740711
PeterBoockvar,0.00408444390355194,0.003822095957540721,-0.0037594322469296708,-0.008529709553474235,0.0005050326468230224,0.0023549090058092477,0.005303733487738658,-0.007147177621899779,0.0025767972530852164,0.0021612431049111837
PeterBoockvarEnhanced,-0.00040298685718285565,0.001657861538005019,-0.002533103209867518,-0.0023747274722533945,-0.0028505238934930727,0.0021127049842928156,0.0005905516647487973,-0.0030786714034020954,-0.0008205265051115016,-0.002393526280603196
PeterManual,0.0022008976448802137,-0.0002665437977844442,-0.005058257329863923,0.014318448825610546,0.006030010846394025,0.0029541145919663183,-2.414844280071345e-05,0.008900181405753682,-0.0010993412418989878,-0.00023273120403922225
PowerMarketsBot,-0.0007503666381913558,0.002971265154460388,0.0013421219685398511,0.0032310884378561867,0.0006788642939520211,0.0022860492563745883,0.001826904990251158,-0.0007280181404840072,0.001188245963193273,0.0011231033091508933
PreciousMetalsBot,0.004960952022809824,-0.0005287054394392994,2.7489493455849036e-06,0.00044758023034034315,0.00044126401230715467,0.0010637217857883696,-0.0026025211324064612,0.002012423602891046,0.00013027008012021646,0.002271174625391303
PrivateFundingBot,-0.016379191396474327,0.00472149018035942,0.03823619440184146,-0.04644165655620368,-0.009759078766607957,-0.029045736098154216,0.002425254076317371,-0.01140980682318814,0.004637377484928679,-0.04113701366026511
ProcessChemBot,0.0034615880892926356,-0.002579026002925659,-0.002817104387229203,-0.01022143615991083,0.0025940263910484845,-0.0012579913177290195,0.005386393838265951,0.0030776925137500693,0.010151218507155078,0.003944458093934944
PublicEquitiesBot,0.010313585320640794,0.0179546998301614,0.0149853912083456,0.007791680238904706,0.01386359744972864,0.013970283249654858,0.014453415324521802,0.012566339558848807,0.013068084908038378,0.01414500268988182
RareEarthObserver,0.04130708352289561,0.007437844815776543,0.01946823730313378,0.03066647775838028,0.04232176179887693,0.033420188837128356,0.015921838244687264,0.022144824739302287,0.012579596229185988,0.02021394800056546
RareEarthObserverEnhanced,0.00453730477856248,0.02307551607558261,0.005307590350004836,0.016498848009787136,0.03173947967572159,0.02736174119047054,0.0029397858722264906,0.003519886649439993,0.0159106119729566,0.017127200595796935
RareEarthsBot,0.004630227590582548,-0.0001733971015255424,0.005154470144858083,0.001111241089153724,0.000648602171036299,0.002871074779056645,0.0002031574920259683,0.0014187149848552995,-0.0019525520436381298,0.0031858814984112387
ReefAssay,-0.013708899240083786,-0.017696213376320102,-0.017290494432664234,-0.008119554000542697,-0.009537917197645589,-0.020318763862165024,-0.010858331060410276,-0.008347507376654354,-0.01690737906663747,-0.019039168904033368
RegimeChangeBot,0.002342896795696783,0.003211367023937727,0.001852201496850195,0.0017379510876541612,0.004856842805509372,0.0016172516141265579,0.0010793573557917803,0.003251778996279558,0.0008607625165608985,0.0018299187033365845
RheniumRocket,0.0048226270821383815,0.011513299233752976,0.010957594114047486,0.015708710617490716,0.001791246037741218,-0.004793951367750129,0.007090362014215955,0.008651452445946096,-0.0053633829270511016,0.02263599993470175
RickDisneck,0.0031650547070399696,0.0013245600389985809,0.003935091777652354,0.00521943107611359,0.00013444813343996113,0.0004820978984405903,-0.0009396130361273211,0.004443576861976788,0.0075352747768923116,0.002994772776365063
RobbieDwyer,-0.00025124172061131387,-0.0005258666561029184,0.00023035781575648148,-0.0038540860734611907,-0.008582226992222145,-0.007396806728687645,0.0009750387417024366,0.00010622219869533131,0.0007469553188292562,0.00028353689255181954
RobbieDwyerEnhanced,0.00802974790429853,0.01353119286215462,0.017329634512727263,0.02123227081905195,0.0698490306382978,0.003908993325727015,0.02083339975964317,0.018682846012684263,0.020543930403376136,0.01751257784010802
SegmentKpiBot,0.01603325534852989,0.027749257840922577,0.024204757965784175,0.010993464588403733,0.020018410513870533,0.02936621489828875,0.016416792363656254,0.004535064600708056,0.0367244879758129,0.018289214675398457
SeleniumSeer,0.020471035416948894,0.019917243473693728,0.00844849910380025,0.03445448513005326,0.017527409558260203,0.02905153407418243,0.02014374214043365,0.05180113391261825,0.017634012674275393,0.042670794916012694
SemiSupplyChainBot,0.00017061112761616835,0.0010467156056384365,0.0046772819223564145,0.0013396845342338933,0.00023411609155110007,0.0007437823769603156,0.0009636102305793886,-0.00019078736911049552,0.0021729935657271012,-0.0001164499646890678
ShippingLogisticsBot,0.0014419432177310023,-0.0008154081383019889,0.0023376897932706033,-0.001484398867878603,-0.00033813986965976873,0.001958229567972536,-0.0013467150967881591,0.003273891720404784,0.00748807258351454,0.00020970113462999445
SkepticalClaude,0.006458093318857762,0.01177580478456372,0.009280367266252398,0.004568451363587477,0.0051035708719732575,0.00912221258282006,0.013562668853708168,0.009620443059889603,0.01213974941097704,0.00662654156152415
SmelterWatch,-0.0007719349695030738,0.002654107852517786,-0.00010665190326012359,0.0092691862491159,-0.0016159904469067064,0.001693014818212431,-0.0021671656083322526,0.01091406843699499,-0.0007405659798659184,-0.001973815625896005
SmmSpotBot,-0.0034500893132433383,-0.0024534741836602,-0.003770134427510615,0.0038078914217001283,-0.0026329766615303717,-0.0008769999022976497,-0.0024702352588442758,-0.0033555930704792718,-0.0048567148328186455,0.005268597340043769
SoftStaplesBot,-0.041617821613576765,-0.032417281269765674,-0.010882336730909041,0.00021424636544917293,0.0001726767839553754,-0.0043993840236494575,-0.0511596337337621,-0.00695456360885298,-0.015246415489726396,-0.012740595723734583
SterlingSight,-0.008176253908592326,-0.007390935599862106,-0.02270034924457915,-0.002674017306363717,-0.012951052202536482,-0.023047708138750973,-0.02596834701265001,-0.0015187950727424703,-0.00778238572364533,-0.012576802289459153
StibniteEdge,0.03035704482499775,0.012405654191491403,0.04119094021145848,0.18467498627510132,0.07185438292911547,0.03823232798073915,0.0457835661533335,0.05517704033485793,0.03388190619775,0.03615809607788992
StockpileSentinel,-0.0019554346954721103,0.005831293477023657,0.0016028610105513438,0.004937616963168577,0.0020022655137240763,0.0017717782880849727,-0.0005678337683837965,-0.002384616917586782,0.0030799914010689873,0.0019138823424491498
SupplyChainBot,0.004603106529757565,0.0017487454695610703,0.0014938167039694704,0.002487016070325829,0.0029671231962954342,0.0013941865138906906,-0.0016253533457623876,0.0032974915702169844,0.004453072363694544,0.0016438932879736968
SupplyChainGPT,0.018552794995418714,0.009468236186690633,0.0071854151497085916,0.013806315286784528,0.015028677640077683,0.00531174133393137,0.00412318148731231,0.007587294311595995,0.012819651019302826,0.012952362827247169
SurfaceBrowser,0.030874048060322897,0.012606422539301004,0.026316799641039067,0.13752573455784067,0.019604118331712325,0.011523653289221019,0.04088072859670965,0.030494733288462514,0.0199163067134238,0.05690512916525949
TallulahAdams,0.002496433718197311,-0.005075626356015784,-0.002175567863307291,0.002859756115820756,-0.002120651937744841,-0.0021639241673623564,-0.0010619857715717723,-0.00037281110233599305,0.002099265637763437,0.002784600038215456
TallulahAdamsEnhanced,0.006451289869403271,0.01636903573956,0.018149123242636858,0.0011409046263377207,-0.008008779473965933,0.000416477058565202,0.007280406154776961,0.00837156233230815,0.012779737300133183,0.0015696210038071185
TelluriumTraps,-0.0035227721077776522,0.0027191600629299056,-4.31427032328874e-06,0.009449282218614867,0.002467149088572657,-0.005787112759869419,0.006541572441060575,0.04009592198323983,4.350886799711739e-05,0.006342581950345257
TemporalBot,0.005991165887663242,0.007632729439766065,0.005900234856497619,0.00919156759973022,0.0061772950365191846,0.00464544644301833,0.0029443683879020496,0.008722791711779516,0.010256187267235437,0.006513128476220848
TerbiumTide,0.0007260324206573653,-0.0033656857787889996,0.001348803275657282,-0.001640322710461412,-0.0016815513840055818,-0.0017215060160144736,0.0013391152473464782,0.01551576167692761,-0.0019221145594332917,0.00021956198054294993
TermStructureBot,1.3001235280074774,1.0313693314183128,0.5931174183857318,0.6122081933494181,0.7086924051178506,0.747304567932421,0.5893923877791292,0.9024149389188354,0.7672917571732446,0.6202155813111574
ThomasEvansGS,0.006331005738095234,0.004505803355183856,0.017631856034474314,0.0412174011665416,0.04892585106453631,0.020275031519273887,0.022908259258045113,0.015014410810278829,0.022531337591301704,0.03287498669205424
ThomasEvansGSEnhanced,0.0027638878304039574,0.003303664950372649,0.014543528353152682,0.03508198914437959,0.040620371998767585,0.00783293443170045,0.015812667094032506,0.010351275556984028,0.006731853288865422,0.026967095081745815
TrumpTruthPulse,-0.010322073626672106,-0.00970073538391911,0.0006733414868107287,-0.008633954278374134,-0.01714687930131158,-0.01950239181314888,-0.030118011319209704,-0.011007612064716985,-0.005309822351551671,-0.015417361835873038
UncertaintyBot,0.006500007923592563,0.001448109263417393,0.0021937146219394633,0.0014687712857023737,0.006044765743913234,0.0030973341167974235,-0.00282635788457709,0.006102980045146881,0.0008720610976618138,0.0031425429689629376
VanadiumVault,0.008044759985279936,0.00890519412339972,0.0041780765889828046,0.04304863771708551,0.001586754560211376,0.002281394493291362,0.0025675244209595644,0.036640742004416464,0.00970558604867115,0.008034004051853434
VinceBeiser,-0.003294547024154903,-0.006357530837767146,-0.0003655498459996162,0.0033159839172333815,-0.00024023047436951635,0.0026842498352092296,-0.0027917759056680616,0.00021727035671474857,-0.0034831347165516172,-0.0005493494084495223
VinceBeiserEnhanced,0.00661110103418182,0.01766100467133246,-0.009947108439693373,0.01278918370144058,0.0016963535174325927,0.005758223512455339,-0.0008763427053364244,0.00600574272483531,-0.00405142295114315,0.006681314134636444
VoltLine,0.02591594282436597,-0.0004974849917028662,0.00870672031749321,-0.004123920960525641,0.011823164924238521,0.020431751200275988,-0.005994425056280097,0.031821252387311094,-0.009962330857945173,0.004367845137134835
VoltRushSanderson,0.0002113780624532927,0.003685435895282973,-0.007039331006786072,0.013348101116646098,0.0031495899857510445,0.01651046617904869,-0.008143396224028555,0.025299909298587775,-0.013581366917063492,0.016419692587477767
VoltRushSandersonEnhanced,-0.0011307659419339722,0.002722896579428416,0.005443193530396384,0.01176639204459906,0.01966200982199021,-0.019162935540328677,0.013048704124411325,-0.006203922851721689,0.01768901671883453,0.013616587115600072
VoltsRoberts,-0.007466876175016204,-0.004467187650541252,-0.021300510457980586,-0.0012683546741301976,-0.010140588498489886,0.00609157860055503,0.008026616382823938,0.0075878234556174505,-0.006148415119418685,0.023542263997781126
VoltsRobertsEnhanced,-0.004384064129519654,-0.004794354086702727,-0.008043499964472255,-0.004784985688368341,-0.005227244651143303,-0.005373114682260783,-0.001376610169893075,0.0009247464797903095,-0.007023827888232581,-0.008231308585538291
WhiteGoldTrader,0.07648815830605545,0.07844750910621641,0.037507251035788114,0.07525524399511517,-0.02773188764313374,0.043661018134227236,0.012784670857841986,0.021123693570009552,0.03661183935078303,0.06347534061277847
WilliamManual,0.037874013244069096,-0.029610443556127672,0.02649258451208369,0.001027692823526497,0.011392597076146593,0.029268788109264046,-0.04504993424930897,-0.044046036100367544,0.08936582723340868,-0.039224632003598506
WolframWire,-7.025106060026962e-05,-0.00981029239694588,-0.010677943239987013,0.019308727008360362,-0.005541974771124278,-0.007841504253805932,-0.009087512017758599,0.008865066263544632,-0.003703397684282076,0.0038021397016421926
YahooAgsBot,-0.0916352058872324,-0.07078348740146503,-0.0621803742444193,-0.07970655583790147,-0.10046323050180678,-0.12549835802026468,-0.09540968481701612,-0.00204770943464662,-0.06506587074042407,-0.06265400201517077
YellowcakeWatch,-0.06342381567939195,-0.049462203038719024,-0.04307981248688301,-0.06436372805698422,-0.06768327093461372,-0.05010001632530235,-0.0669874225549292,-0.0954278647646563,-0.06118135018999728,-0.04546622529370043
YtterbiumYogi,0.013356855214133743,0.008462982475516688,0.010699443981953723,0.0006496421020445044,-0.0007632780834812788,-0.0010427033831299946,-0.0029007115634559284,0.04140047555854785,0.009786124756523743,0.02282701040708432
YttriumYield,-0.00880877629291076,-0.010976923526544311,0.019536291056143275,-0.000268733195336477,-0.006639410442278405,0.0024318350878047667,0.00018246486014439619,0.040582513782979605,-0.0116868382426301,-0.0012250349829713175
fundbotquant,0.015222083204655904,0.06426593993420641,0.07669377913586592,0.07852770604093202,0.18388163789306636,0.009898952548548695,0.05989565238025338,0.16517613228858974,0.14177385815572233,0.006862896693490614
jacobbarcelona,-0.26483352604728666,-0.26090204570912817,-0.23383204173594888,-0.2536306836272843,-0.2721429846755757,-0.2220375892362111,-0.2535717714060719,-0.25620738412880883,-0.2661471335066496,-0.24780929076785405
michael_crandall,-0.00489006270998053,-0.004827055306437732,-0.004395685929981592,-0.008651280316401274,-0.0018966410668605936,-0.00024884575475294946,-0.010627607968080488,-0.006052328705643237,-0.006544179122129873,-0.0007528862497072904
michael_crandallEnhanced,-0.004921583859272844,-0.004903209609399479,-0.00432990799525256,-0.008657143660895782,-0.0019003136828782364,-0.00022869505832975967,-0.010719597775235255,-0.006052328830275186,-0.006549469223081763,-0.0007528809589398271
oliver_green,0.008114872485710248,0.059463161129571854,-0.014942077539298725,0.054442493140459354,0.016184662867762482,-0.03891417536649139,0.0035681298129475844,0.065474594349443,-0.01016063638226373,-0.028766827478455746
oliver_greenEnhanced,-0.018084534574025816,-0.0010320880002050298,-0.007922977785091935,-0.0034607399939576553,-0.0025618324226825986,-0.004055276880876561,-0.0024077129935165856,0.00606593894524549,7.931399568777126e-05,-0.012083666747341423
stephen_dattels,-0.0016231644502301195,0.002844852826297462,-0.0018677600878519646,0.0019483814460661863,-0.0001227759075506027,-0.0004710384818391009,-0.0018135235776100894,-0.0026207283618512045,0.0009352216354275121,0.0003475494878537427
stephen_dattelsEnhanced,0.0029528509197772113,-0.007816257649309884,-0.003930828765784806,-0.0009526282275669689,0.006891510078137801,-0.005000769920035672,-0.0029223939783113275,-0.00634191171409862,0.005532067167447608,0.0021753880585258212
